{
  "resourceType" : "AllergyIntolerance",
  "id" : "MikePondMedicationAllergy",
  "meta" : {
    "profile" : ["https://healthinfoservices.site/template-fhir-ig/StructureDefinition/HIAllergy"]
  },
  "text" : {
    "status" : "generated",
    "div" : "<div xmlns=\"http://www.w3.org/1999/xhtml\"><p class=\"res-header-id\"><b>Generated Narrative: AllergyIntolerance MikePondMedicationAllergy</b></p><a name=\"MikePondMedicationAllergy\"> </a><a name=\"hcMikePondMedicationAllergy\"> </a><div style=\"display: inline-block; background-color: #d9e0e7; padding: 6px; margin: 4px; border: 1px solid #8da1b4; border-radius: 5px; line-height: 60%\"><p style=\"margin-bottom: 0px\"/><p style=\"margin-bottom: 0px\">Profile: <a href=\"StructureDefinition-HIAllergy.html\">HIAllergy</a></p></div><p><b>clinicalStatus</b>: <span title=\"Codes:{http://terminology.hl7.org/CodeSystem/allergyintolerance-clinical active}\">Active</span></p><p><b>verificationStatus</b>: <span title=\"Codes:{http://terminology.hl7.org/CodeSystem/allergyintolerance-verification confirmed}\">Confirmed</span></p><p><b>category</b>: Medication</p><p><b>criticality</b>: High Risk</p><p><b>code</b>: <span title=\"Codes:{http://snomed.info/sct 293779007}\">Carboplatin</span></p><p><b>patient</b>: <a href=\"Patient-MikePondPatient.html\">Mike Pond  Male, DoB: 1960-01-25 ( National unique individual identifier\u00a0(use:\u00a0official,\u00a0))</a></p><h3>Reactions</h3><table class=\"grid\"><tr><td style=\"display: none\">-</td><td><b>Manifestation</b></td><td><b>Severity</b></td></tr><tr><td style=\"display: none\">*</td><td><span title=\"Codes:{http://snomed.info/sct 39579001}\">Anaphylaxis</span></td><td>Severe</td></tr></table></div>"
  },
  "clinicalStatus" : {
    "coding" : [{
      "system" : "http://terminology.hl7.org/CodeSystem/allergyintolerance-clinical",
      "code" : "active",
      "display" : "Active"
    }]
  },
  "verificationStatus" : {
    "coding" : [{
      "system" : "http://terminology.hl7.org/CodeSystem/allergyintolerance-verification",
      "code" : "confirmed",
      "display" : "Confirmed"
    }]
  },
  "category" : ["medication"],
  "criticality" : "high",
  "code" : {
    "coding" : [{
      "system" : "http://snomed.info/sct",
      "code" : "293779007",
      "display" : "Carboplatin allergy"
    }],
    "text" : "Carboplatin"
  },
  "patient" : {
    "reference" : "Patient/MikePondPatient"
  },
  "reaction" : [{
    "manifestation" : [{
      "coding" : [{
        "system" : "http://snomed.info/sct",
        "code" : "39579001",
        "display" : "Anaphylaxis"
      }]
    }],
    "severity" : "severe"
  }]
}