{
  "package": "template.fhir.ig",
  "version": "0.0.2",
  "fhirVersion": "4.0.1",
  "jurisdiction": "AUS",
  "extensions": [],
  "profiles": {
    "AllergyIntolerance": [
      {
        "url": "https://healthinfoservices.site/template-fhir-ig/StructureDefinition/HIAllergy",
        "title": "HIAllergy"
      }
    ],
    "CarePlan": [
      {
        "url": "https://healthinfoservices.site/template-fhir-ig/StructureDefinition/HICarePlan",
        "title": "HICarePlan"
      }
    ],
    "Condition": [
      {
        "url": "https://healthinfoservices.site/template-fhir-ig/StructureDefinition/HICondition",
        "title": "HICondition"
      }
    ],
    "MedicationRequest": [
      {
        "url": "https://healthinfoservices.site/template-fhir-ig/StructureDefinition/HIMedicationRequest",
        "title": "HIMedicationRequest"
      }
    ],
    "MedicationStatement": [
      {
        "url": "https://healthinfoservices.site/template-fhir-ig/StructureDefinition/HIMedicationStatement",
        "title": "HIMedicationStatement"
      }
    ],
    "Organization": [
      {
        "url": "https://healthinfoservices.site/template-fhir-ig/StructureDefinition/HIOrganisation",
        "title": "HIOrganisation"
      }
    ],
    "Patient": [
      {
        "url": "https://healthinfoservices.site/template-fhir-ig/StructureDefinition/HIPatient",
        "title": "HIPatient"
      }
    ],
    "Practitioner": [
      {
        "url": "https://healthinfoservices.site/template-fhir-ig/StructureDefinition/HIPractitioner",
        "title": "HIPractitioner"
      }
    ],
    "PractitionerRole": [
      {
        "url": "https://healthinfoservices.site/template-fhir-ig/StructureDefinition/HIPractitionerRole",
        "title": "HIPractitionerRole"
      }
    ]
  },
  "usage": {
    "http://hl7.org.au/fhir/StructureDefinition/au-timezone": [
      "PractitionerRole.availableTime.availableEndTime",
      "PractitionerRole.availableTime.availableStartTime"
    ],
    "http://hl7.org.au/fhir/StructureDefinition/closing-the-gap-registration": [
      "Patient"
    ],
    "http://hl7.org.au/fhir/StructureDefinition/date-accuracy-indicator": [
      "Patient.birthDate",
      "Patient.deceased[x]"
    ],
    "http://hl7.org.au/fhir/StructureDefinition/date-of-arrival": [
      "Patient"
    ],
    "http://hl7.org.au/fhir/StructureDefinition/indigenous-status": [
      "Patient"
    ],
    "http://hl7.org.au/fhir/StructureDefinition/medication-long-term": [
      "MedicationStatement"
    ],
    "http://hl7.org.au/fhir/StructureDefinition/medication-type": [
      "MedicationRequest.medication[x].coding",
      "MedicationStatement.medication[x].coding"
    ],
    "http://hl7.org.au/fhir/StructureDefinition/subsidised-concurrent-supply": [
      "MedicationRequest"
    ],
    "http://hl7.org.au/fhir/StructureDefinition/veteran-status": [
      "Patient"
    ],
    "http://hl7.org/fhir/StructureDefinition/elementdefinition-bestpractice": [
      "StructureDefinition.snapshot.element.constraint"
    ],
    "http://hl7.org/fhir/StructureDefinition/elementdefinition-bestpractice-explanation": [
      "StructureDefinition.snapshot.element.constraint"
    ],
    "http://hl7.org/fhir/StructureDefinition/elementdefinition-bindingName": [
      "StructureDefinition.snapshot.element.binding"
    ],
    "http://hl7.org/fhir/StructureDefinition/elementdefinition-maxValueSet": [
      "StructureDefinition.snapshot.element.binding"
    ],
    "http://hl7.org/fhir/StructureDefinition/elementdefinition-translatable": [
      "StructureDefinition.snapshot.element"
    ],
    "http://hl7.org/fhir/StructureDefinition/individual-genderIdentity": [
      "Patient",
      "Practitioner"
    ],
    "http://hl7.org/fhir/StructureDefinition/individual-pronouns": [
      "Patient",
      "Practitioner"
    ],
    "http://hl7.org/fhir/StructureDefinition/individual-recordedSexOrGender": [
      "Patient",
      "Practitioner"
    ],
    "http://hl7.org/fhir/StructureDefinition/obligation": [
      "StructureDefinition.snapshot.element"
    ],
    "http://hl7.org/fhir/StructureDefinition/patient-birthPlace": [
      "Patient"
    ],
    "http://hl7.org/fhir/StructureDefinition/patient-birthTime": [
      "Patient.birthDate"
    ],
    "http://hl7.org/fhir/StructureDefinition/patient-interpreterRequired": [
      "Patient"
    ],
    "http://hl7.org/fhir/StructureDefinition/patient-mothersMaidenName": [
      "Patient"
    ],
    "http://hl7.org/fhir/StructureDefinition/regex": [
      "StructureDefinition.snapshot.element.type"
    ],
    "http://hl7.org/fhir/StructureDefinition/structuredefinition-fhir-type": [
      "StructureDefinition.snapshot.element.type"
    ],
    "http://hl7.org/fhir/StructureDefinition/structuredefinition-hierarchy": [
      "StructureDefinition.snapshot.element.type"
    ],
    "http://hl7.org/fhir/tools/StructureDefinition/additional-binding": [
      "StructureDefinition.snapshot.element.binding"
    ],
    "http://hl7.org/fhir/tools/StructureDefinition/ig-internal-dependency": [
      "ImplementationGuide.definition"
    ],
    "http://hl7.org/fhir/tools/StructureDefinition/ig-page-name": [
      "ImplementationGuide.definition.page",
      "ImplementationGuide.definition.page.page"
    ],
    "http://hl7.org/fhir/tools/StructureDefinition/ig-parameter": [
      "ImplementationGuide.definition"
    ],
    "http://hl7.org/fhir/tools/StructureDefinition/implementationguide-dependency-comment": [
      "ImplementationGuide.dependsOn"
    ],
    "http://hl7.org/fhir/tools/StructureDefinition/resource-information": [
      "ImplementationGuide.definition.resource"
    ],
    "http://hl7.org/fhir/tools/StructureDefinition/snapshot-base-version": [
      "StructureDefinition.snapshot"
    ]
  }
}