<?xml version="1.0" encoding="UTF-8"?>

<ValueSet xmlns="http://hl7.org/fhir">
  <id value="hi-severity-vs"/>
  <text>
    <status value="generated"/><div xmlns="http://www.w3.org/1999/xhtml"><p class="res-header-id"><b>Generated Narrative: ValueSet hi-severity-vs</b></p><a name="hi-severity-vs"> </a><a name="hchi-severity-vs"> </a><ul><li>Include these codes as defined in <a href="http://www.snomed.org/"><code>http://snomed.info/sct</code></a><table class="none"><tr><td style="white-space:nowrap"><b>Code</b></td><td><b>Display</b></td></tr><tr><td><a href="http://snomed.info/id/260413007">260413007</a></td><td>None</td></tr><tr><td><a href="http://snomed.info/id/255604002">255604002</a></td><td>Mild</td></tr><tr><td><a href="http://snomed.info/id/6736007">6736007</a></td><td>Moderate</td></tr><tr><td><a href="http://snomed.info/id/24484000">24484000</a></td><td>Severe</td></tr><tr><td><a href="http://snomed.info/id/261665006">261665006</a></td><td>Unknown</td></tr></table></li></ul></div>
  </text>
  <url value="https://healthinfoservices.site/template-fhir-ig/ValueSet/hi-severity-vs"/>
  <version value="0.0.2"/>
  <name value="HISeverityVS"/>
  <title value="Acute Rheumatic Fever Condition Severity"/>
  <status value="draft"/>
  <experimental value="true"/>
  <date value="2025-09-25T04:55:19+00:00"/>
  <description value="Acute Rheumatic Fever Condition Severity"/>
  <jurisdiction>
    <coding>
      <system value="urn:iso:std:iso:3166"/>
      <code value="AUS"/>
      <display value="Australia"/>
    </coding>
  </jurisdiction>
  <compose>
    <include>
      <system value="http://snomed.info/sct"/>
      <concept>
        <code value="260413007"/>
        <display value="None"/>
      </concept>
      <concept>
        <code value="255604002"/>
        <display value="Mild"/>
      </concept>
      <concept>
        <code value="6736007"/>
        <display value="Moderate"/>
      </concept>
      <concept>
        <code value="24484000"/>
        <display value="Severe"/>
      </concept>
      <concept>
        <code value="261665006"/>
        <display value="Unknown"/>
      </concept>
    </include>
  </compose>
</ValueSet>